["c:/user/desktop",{"top":2,"left":3},"c:/user/desktop",{"top":76,"left":3},"c:/user/desktop",{"top":150,"left":3},"C:/user/desktop/Internet Explorer.link",{"top":224,"left":3},"C:/user/desktop/My Network Places.link",{"top":298,"left":3},{"name":"Documents","pos":{"top":9,"left":6}},{"name":"Computer","pos":{"top":72,"left":2}},{"name":"My Network Places.link","pos":{"top":137,"left":2}},{"name":"Recycle Bin","pos":{"top":210,"left":2}},"C:/user/desktop/w98_internet_connection_wiz.png",{"top":372,"left":3},"C:/user/desktop/w98_internet_connection_wiz.png",{"top":372,"left":3},"C:/user/desktop/Connect to the Internet.link",{"top":224,"left":3},"C:/user/desktop/Connect to the Internet.link",{"top":224,"left":3},"C:/user/desktop/w2k_programs.png",{"top":446,"left":3},"C:/user/desktop/w2k_programs.png",{"top":446,"left":3},"C:/user/desktop/folder-prgm.png",{"top":298,"left":3},{"name":"Internet Explorer.link","pos":{"top":271,"left":1}},{"name":"Connect to the Internet.link","pos":{"top":342,"left":1}}]