["c:/user/desktop",{"top":2,"left":3},"c:/user/desktop",{"top":76,"left":3},"c:/user/desktop",{"top":150,"left":3},"C:/user/desktop/real",{"top":224,"left":3},"c:/user/desktop",{"top":2,"left":3},"c:/user/desktop",{"top":76,"left":3},"c:/user/desktop",{"top":150,"left":3},"C:/user/desktop/real",{"top":298,"left":3},{"name":"Link to pchc.link","pos":{"top":223,"left":12}},"c:/user/desktop",{"top":2,"left":3},"c:/user/desktop",{"top":76,"left":3},"c:/user/desktop",{"top":150,"left":3},"c:/user/desktop",{"top":2,"left":3},"c:/user/desktop",{"top":76,"left":3},"c:/user/desktop",{"top":150,"left":3},"C:/user/desktop/IDE96",{"top":224,"left":3},"c:/user/desktop",{"top":2,"left":3},"c:/user/desktop",{"top":76,"left":3},"c:/user/desktop",{"top":150,"left":3},"C:/user/desktop/IDE96",{"top":224,"left":3},"c:/user/desktop",{"top":2,"left":3},"c:/user/desktop",{"top":76,"left":3},"c:/user/desktop",{"top":150,"left":3},"C:/user/desktop/IDE96",{"top":224,"left":3},"c:/user/desktop",{"top":2,"left":3},"c:/user/desktop",{"top":76,"left":3},"c:/user/desktop",{"top":150,"left":3},"C:/user/desktop/IDE96",{"top":224,"left":3},"c:/user/desktop",{"top":2,"left":3},"c:/user/desktop",{"top":76,"left":3},"c:/user/desktop",{"top":150,"left":3},"C:/user/desktop/IDE96",{"top":224,"left":3},"c:/user/desktop",{"top":2,"left":3},"c:/user/desktop",{"top":76,"left":3},"c:/user/desktop",{"top":150,"left":3},"C:/user/desktop/IDE96",{"top":224,"left":3},"c:/user/desktop",{"top":2,"left":3},"c:/user/desktop",{"top":76,"left":3},"c:/user/desktop",{"top":150,"left":3},"C:/user/desktop/IDE96 Installer",{"top":224,"left":3},"c:/user/desktop",{"top":2,"left":3},"c:/user/desktop",{"top":76,"left":3},"c:/user/desktop",{"top":150,"left":3},"C:/user/desktop/IDE96",{"top":224,"left":3},"C:/user/desktop/IDE96 Installer",{"top":298,"left":3},"c:/user/desktop",{"top":2,"left":3},"c:/user/desktop",{"top":76,"left":3},"c:/user/desktop",{"top":150,"left":3},"C:/user/desktop/IDE96",{"top":224,"left":3},"c:/user/desktop",{"top":2,"left":3},"c:/user/desktop",{"top":76,"left":3},"c:/user/desktop",{"top":150,"left":3},"C:/user/desktop/IDE96",{"top":224,"left":3},"c:/user/desktop",{"top":2,"left":3},"c:/user/desktop",{"top":76,"left":3},"c:/user/desktop",{"top":150,"left":3},"C:/user/desktop/IDE96",{"top":224,"left":3},"c:/user/desktop",{"top":2,"left":3},"c:/user/desktop",{"top":76,"left":3},"c:/user/desktop",{"top":150,"left":3},"c:/user/desktop",{"top":2,"left":3},"c:/user/desktop",{"top":76,"left":3},"c:/user/desktop",{"top":150,"left":3},"C:/user/desktop/Computer",{"top":224,"left":3},"c:/user/desktop",{"top":2,"left":3},"c:/user/desktop",{"top":76,"left":3},"c:/user/desktop",{"top":150,"left":3},"C:/user/desktop/Computer",{"top":224,"left":3},"c:/user/desktop",{"top":2,"left":3},"c:/user/desktop",{"top":76,"left":3},"c:/user/desktop",{"top":150,"left":3},"c:/user/desktop",{"top":2,"left":3},"c:/user/desktop",{"top":76,"left":3},"c:/user/desktop",{"top":150,"left":3},"C:/user/desktop/ABC",{"top":224,"left":3},"c:/user/desktop",{"top":2,"left":3},"c:/user/desktop",{"top":76,"left":3},"c:/user/desktop",{"top":150,"left":3},"c:/user/desktop",{"top":2,"left":3},"c:/user/desktop",{"top":76,"left":3},"c:/user/desktop",{"top":150,"left":3},"C:/user/desktop/ABC",{"top":224,"left":3},"c:/user/desktop",{"top":2,"left":3},"c:/user/desktop",{"top":76,"left":3},"c:/user/desktop",{"top":150,"left":3},"C:/user/desktop/ABC",{"top":224,"left":3},"C:/user/desktop/ABCD",{"top":298,"left":3},"c:/user/desktop",{"top":2,"left":3},"c:/user/desktop",{"top":76,"left":3},"c:/user/desktop",{"top":150,"left":3},"C:/user/desktop/ABC",{"top":224,"left":3},"c:/user/desktop",{"top":2,"left":3},"c:/user/desktop",{"top":76,"left":3},"c:/user/desktop",{"top":150,"left":3},"C:/user/desktop/ABC",{"top":224,"left":3},"c:/user/desktop",{"top":2,"left":3},"c:/user/desktop",{"top":76,"left":3},"c:/user/desktop",{"top":150,"left":3},"c:/user/desktop",{"top":2,"left":3},"c:/user/desktop",{"top":76,"left":3},"c:/user/desktop",{"top":150,"left":3},"C:/user/desktop/TEST",{"top":224,"left":3},"c:/user/desktop",{"top":2,"left":3},"c:/user/desktop",{"top":76,"left":3},"c:/user/desktop",{"top":150,"left":3},"C:/user/desktop/TEST",{"top":224,"left":3},"c:/user/desktop",{"top":2,"left":3},"c:/user/desktop",{"top":76,"left":3},"c:/user/desktop",{"top":150,"left":3},"C:/user/desktop/TEST",{"top":224,"left":3},"c:/user/desktop",{"top":2,"left":3},"c:/user/desktop",{"top":76,"left":3},"c:/user/desktop",{"top":150,"left":3},"C:/user/desktop/TEST",{"top":224,"left":3},"c:/user/desktop",{"top":2,"left":3},"c:/user/desktop",{"top":76,"left":3},"c:/user/desktop",{"top":150,"left":3},"C:/user/desktop/TEST",{"top":224,"left":3},"c:/user/desktop",{"top":2,"left":3},"c:/user/desktop",{"top":76,"left":3},"c:/user/desktop",{"top":150,"left":3},{"name":"My Documents","pos":{"top":82,"left":85}},{"name":"My Computer","pos":{"top":50,"left":28}},"c:/user/desktop",{"top":2,"left":3},"c:/user/desktop",{"top":76,"left":3},{"name":"Recycle Bin","pos":{"top":151,"left":9}},"c:/user/desktop",{"top":2,"left":3},"c:/user/desktop",{"top":76,"left":3},"C:/user/desktop/FileHacker",{"top":224,"left":3},"C:/user/desktop/PC Health Check.link",{"top":298,"left":3},"c:/user/desktop",{"top":2,"left":3},"c:/user/desktop",{"top":76,"left":3},"C:/user/desktop/FileHacker",{"top":224,"left":3},"C:/user/desktop/Network Neighborhood",{"top":298,"left":3},"C:/user/desktop/PC Health Check.link",{"top":372,"left":3},{"name":"FileHacker","pos":{"top":75,"left":73}},"c:/user/desktop",{"top":2,"left":3},"c:/user/desktop",{"top":76,"left":3},"c:/user/desktop",{"top":2,"left":3},"c:/user/desktop",{"top":76,"left":3},"c:/user/desktop",{"top":2,"left":3},"c:/user/desktop",{"top":76,"left":3},"c:/user/desktop",{"top":2,"left":3},"c:/user/desktop",{"top":76,"left":3},"C:/user/desktop/b.link",{"top":224,"left":3},"c:/user/desktop",{"top":2,"left":3},"c:/user/desktop",{"top":76,"left":3},"C:/user/desktop/b.link",{"top":224,"left":3},"c:/user/desktop",{"top":2,"left":3},"c:/user/desktop",{"top":76,"left":3},"c:/user/desktop",{"top":2,"left":3},"c:/user/desktop",{"top":76,"left":3},"c:/user/desktop",{"top":2,"left":3},"c:/user/desktop",{"top":76,"left":3},"C:/user/desktop/a",{"top":224,"left":3},"c:/user/desktop",{"top":2,"left":3},"c:/user/desktop",{"top":76,"left":3},"C:/user/desktop/a",{"top":224,"left":3},"c:/user/desktop",{"top":2,"left":3},"c:/user/desktop",{"top":76,"left":3},"C:/user/desktop/a",{"top":224,"left":3},{"name":"Network Neighborhood","pos":{"top":5,"left":67}},"c:/user/desktop",{"top":2,"left":3},"c:/user/desktop",{"top":76,"left":3},"c:/user/desktop",{"top":2,"left":3},"c:/user/desktop",{"top":76,"left":3},"c:/user/desktop",{"top":2,"left":3},"c:/user/desktop",{"top":76,"left":3},"C:/user/desktop/Docs",{"top":224,"left":3},"C:/user/desktop/Doordisc.link",{"top":298,"left":3},"C:/user/desktop/Gameing.link",{"top":372,"left":3},"C:/user/desktop/MsgRoom.link",{"top":446,"left":3},"C:/user/desktop/Package Manager.link",{"top":2,"left":78},"C:/user/desktop/Report Bug.link",{"top":150,"left":78},"C:/user/desktop/Settings.link",{"top":224,"left":78},"C:/user/desktop/Terminal.link",{"top":298,"left":78},"C:/user/desktop/WELCOME.md",{"top":372,"left":78},"c:/user/desktop",{"top":2,"left":3},"c:/user/desktop",{"top":76,"left":3},"C:/user/desktop/Docs",{"top":224,"left":3},"C:/user/desktop/Doordisc.link",{"top":298,"left":3},"C:/user/desktop/Gameing.link",{"top":372,"left":3},"C:/user/desktop/MsgRoom.link",{"top":446,"left":3},"C:/user/desktop/Report Bug.link",{"top":76,"left":78},"C:/user/desktop/Settings.link",{"top":150,"left":78},"C:/user/desktop/Terminal.link",{"top":224,"left":78},"C:/user/desktop/WELCOME.md",{"top":298,"left":78},"c:/user/desktop",{"top":2,"left":3},"c:/user/desktop",{"top":76,"left":3},"C:/user/desktop/Docs",{"top":224,"left":3},"C:/user/desktop/Doordisc.link",{"top":298,"left":3},"C:/user/desktop/Gameing.link",{"top":372,"left":3},"C:/user/desktop/MsgRoom.link",{"top":446,"left":3},"C:/user/desktop/Settings.link",{"top":76,"left":78},"C:/user/desktop/Terminal.link",{"top":150,"left":78},"C:/user/desktop/WELCOME.md",{"top":224,"left":78},"c:/user/desktop",{"top":2,"left":3},"c:/user/desktop",{"top":76,"left":3},"C:/user/desktop/Docs",{"top":224,"left":3},"C:/user/desktop/Doordisc.link",{"top":298,"left":3},"C:/user/desktop/Gameing.link",{"top":372,"left":3},"C:/user/desktop/MsgRoom.link",{"top":446,"left":3},"C:/user/desktop/Terminal.link",{"top":76,"left":78},"C:/user/desktop/WELCOME.md",{"top":150,"left":78},"c:/user/desktop",{"top":2,"left":3},"c:/user/desktop",{"top":76,"left":3},"C:/user/desktop/Docs",{"top":224,"left":3},"C:/user/desktop/Doordisc.link",{"top":298,"left":3},"C:/user/desktop/Gameing.link",{"top":372,"left":3},"C:/user/desktop/MsgRoom.link",{"top":446,"left":3},"C:/user/desktop/WELCOME.md",{"top":76,"left":78},"c:/user/desktop",{"top":2,"left":3},"c:/user/desktop",{"top":76,"left":3},"C:/user/desktop/Docs",{"top":224,"left":3},"C:/user/desktop/Doordisc.link",{"top":298,"left":3},"C:/user/desktop/Gameing.link",{"top":372,"left":3},"C:/user/desktop/MsgRoom.link",{"top":446,"left":3},"C:/user/desktop/WELCOME.md",{"top":76,"left":78},"c:/user/desktop",{"top":2,"left":3},"c:/user/desktop",{"top":76,"left":3},"C:/user/desktop/Doordisc.link",{"top":224,"left":3},"C:/user/desktop/Gameing.link",{"top":298,"left":3},"C:/user/desktop/MsgRoom.link",{"top":372,"left":3},"C:/user/desktop/WELCOME.md",{"top":2,"left":78},"c:/user/desktop",{"top":2,"left":3},"c:/user/desktop",{"top":76,"left":3},"C:/user/desktop/Gameing.link",{"top":224,"left":3},"C:/user/desktop/MsgRoom.link",{"top":298,"left":3},"C:/user/desktop/WELCOME.md",{"top":520,"left":3},"c:/user/desktop",{"top":2,"left":3},"c:/user/desktop",{"top":76,"left":3},"C:/user/desktop/MsgRoom.link",{"top":224,"left":3},"C:/user/desktop/WELCOME.md",{"top":446,"left":3},"c:/user/desktop",{"top":2,"left":3},"c:/user/desktop",{"top":76,"left":3},"C:/user/desktop/WELCOME.md",{"top":372,"left":3},"c:/user/desktop",{"top":2,"left":3},"c:/user/desktop",{"top":76,"left":3},{"name":"PC Health Check.link","pos":{"top":74,"left":68}}]