{"name":"solitaire","friendlyName":"Solitaire","description":"A simple Solitaire game.","author":"egg.l5.ca","category":"entertainment","version":1.1,"installedSize":68000,"downloadSize":41500,"feature_requirements":[],"min_os_version":300000,"max_os_version":999999999,"depends":[],"iconFiles":{"32x32":"https://egg.l5.ca/w96/dist/s/solitaire/icon32.png"},"repo":"https://egg.l5.ca/w96","repoIndex":1,"repoId":"main","readmeFile":"https://egg.l5.ca/w96/dist/s/solitaire/README.html","packageRoot":"https://egg.l5.ca/w96/dist/s/solitaire","zKeys":["README.txt","scripts/","scripts/install.js","scripts/repair.js","scripts/uninstall.js","unpack/","unpack/package_dir/","unpack/package_dir/.meta","unpack/package_dir/bin/","unpack/package_dir/bin/sol","unpack/package_dir/data/","unpack/package_dir/data/index.html","unpack/package_dir/data/index.js","unpack/package_dir/data/solitaire.css","unpack/package_dir/data/spritesheet.png","unpack/package_dir/solitaire.png","unpack/root/","unpack/root/system/","unpack/root/system/programs/","unpack/root/system/programs/Entertainment/","unpack/root/system/programs/Entertainment/Solitaire.link"]}